time,avgResponseTime,level,memory
1625745142,769.8976841462649,1,238.5899832975611
1625745147,502.86563256658,1,907.1146027248368
1625745152,240.08694690909715,1,991.0996285589299
1625745156,201.53993549183735,1,892.8390819619412
1625745161,221.9427233656831,1,503.37379497978486
1625745166,892.7920272540173,1,390.4574609113087
1625745171,979.3961958484873,1,30.077525187914624
1625745176,949.3988062980748,1,133.07990217369792
1625745181,776.5518117780172,1,377.5352193573728
1625745186,None,1,291.32209598086354
1625745191,None,1,313.79864824386704
1625745196,None,1,459.42206865900715
1625745201,903.7259814435022,1,135.1691297340193
1625745206,970.3322325343278,1,827.0751982961375
1625745210,742.9086602955282,1,605.0952249311645
1625745215,408.0033171140934,1,547.6849855612227
1625745220,319.4775776423594,1,361.7859016243252
1625745226,433.1009983617556,1,216.87887756671986
1625745231,939.2772226394089,1,581.0089383546832
1625745236,252.46330466484858,1,327.2622523109301
1625745241,765.6476332033136,1,346.29457469726776
1625745246,846.89518290539,1,233.9108676391115
1625745251,583.8729638105426,1,856.804113034052
1625745256,654.1607985781219,1,966.2532862078391
1625745261,888.2345550147573,1,481.9325478896279
1625745266,336.8570189155329,1,554.5010768165143
1625745271,270.2625019346618,1,805.7660481560688
1625745276,88.34982960877646,1,788.1034748532371
1625745281,339.4389517674927,1,234.77123637787335
1625745286,265.776179772191,1,955.648688788511
1625745292,365.89196554105087,1,879.6852631746399
1625745297,972.0627611618311,1,799.1557162538176
1625745301,647.9471705258816,1,6.763027247822073
1625745306,727.4730597468595,1,772.8665759022336
1625745311,565.8123764125972,1,701.7001971139259
1625745316,529.4613379717275,1,552.6558557139092
1625745321,66.82361696827688,1,647.2002528489969
1625745326,367.3160237103582,1,375.34149050324794
1625745331,258.8676024847817,1,305.9195359693743
1625745336,870.5675174367946,1,178.95371617632384
1625745341,78.72980067239399,1,876.1658088056054
1625745346,978.3897932620265,1,99.96917196303012
1625745351,3.7391857068700407,1,278.1259930505209
1625745356,837.8481372827632,1,799.3378004613295
1625745362,231.35210566874576,1,91.5643935513647
1625745367,104.05803956837745,1,426.64306922771647
1625745372,46.030377884790475,1,837.9984250427152
1625745377,222.978495052783,1,84.88674030020493
1625745382,500.33447804620647,1,645.5796754059224
1625745386,441.14054464839955,1,174.24648367645568
1625745391,472.6117484405776,1,95.67006381460641
1625745396,285.2124813434639,1,421.9156533794147
1625745401,432.67632315074843,1,696.9113660343943
1625745406,182.6510667016482,1,150.11787275584553
1625745411,295.739081161058,1,814.0746821332841
1625745416,113.1371603262924,1,2.0413865535860998
1625745421,910.4696764528561,1,171.9039918789288
1625745426,565.0193113786515,1,995.3291772652678
1625745431,486.99370908344076,1,13.414877394346547
1625745437,263.19236648058853,1,167.5853083050185
1625745442,493.01422735464973,1,200.68619722915926
1625745447,791.946502333104,1,933.9379105505712
1625745452,739.8843979569093,1,665.2194671947522
1625745457,281.1867983916987,1,511.97819100556865
1625745462,944.7622757273372,1,633.6984854252283
1625745467,195.5208087158369,1,756.4433496625606
1625745472,529.9889603724589,1,540.8397821361068
1625745477,167.1439658488475,1,560.0267968178159
1625745482,737.2105411967233,1,889.4937441993179
1625745487,964.945415500791,1,645.9981640599964
1625745491,862.802830557662,1,2.867697767103161
1625745496,579.162695194885,1,334.3469889295945
1625745501,24.768721379479498,1,436.4538482598963
1625745506,24.208597795251087,1,390.4967032892088
1625745512,952.0007198782884,1,157.8407196899777
1625745517,588.5787481151852,1,751.963547150424
1625745522,837.800024444342,1,669.0726761634884
1625745527,672.2517825804142,1,114.48156548054622
1625745532,954.6071440479437,1,324.73250075882765
1625745537,96.56526871228466,1,589.0225674251974
1625745542,10.441785356441912,1,803.7142677548366
1625745547,412.66780361914647,1,911.8803576169543
1625745552,804.6098446470795,1,216.10985841193187
1625745557,601.411732912607,1,701.7569380281915
1625745562,666.4793035172477,1,689.2620348892636
1625745568,994.688703758851,1,663.9051088810331
1625745572,132.83958710173593,1,577.4702546511656
1625745577,866.0724322826644,1,298.29132507719027
1625745582,923.4592038247298,1,104.83345497830688
1625745587,63.19847208966234,1,886.0168500147371
1625745592,238.4793573807884,1,285.1563092708411
1625745597,177.17698154901117,1,318.56801216977107
1625745602,843.3937530467915,1,199.74185681337687
1625745607,972.7330479496145,1,663.6780354780682
1625745612,86.35391650706691,1,64.37722212250141
1625745617,309.547282949175,1,398.620596629785
1625745622,557.8203076866643,1,220.14512040696755
1625745627,258.90600636081706,1,608.686446723084
1625745632,344.19093944905467,1,56.249075132705386
1625745637,14.366544391062774,1,470.617308934032
1625745643,925.6455542212964,1,562.3288373283418
1625745648,980.4255717907785,1,296.203589921507
1625745653,545.333003310636,1,436.3993579615781
1625745657,834.4975392600264,1,781.5417828377886
1625745662,44.116973887773916,1,494.3291473343212
1625745667,645.8446645796959,1,827.1620705849961
1625745672,564.919790500957,1,167.56384995573404
1625745677,317.0493880916643,1,1.0738687311400152
1625745682,426.4291182756299,1,595.6084684360147
1625745687,721.4121464808641,1,1.5553117321094323
1625745692,731.3476697046802,1,754.7362103112453
1625745697,241.14278417240774,1,133.17833997534066
1625745702,683.8852441980362,1,78.75503014909046
1625745707,779.8707306610335,1,85.1848844217612
1625745712,59.854258170247036,1,563.8144834925076
1625745717,307.92618880493137,1,146.10524040129536
1625745723,106.20027582462089,1,677.684935682206
1625745728,194.77260910197657,1,305.7595003111324
1625745733,291.36342278265556,1,863.3203287480577
1625745738,850.2459896620778,1,591.9501938474335
1625745743,620.4435446426695,1,713.5834629289499
1625745748,910.8612135054581,1,23.81133587103401
1625745753,647.2661384534739,1,253.65067587879585
1625745758,510.9764475020049,1,999.6190300888917
1625745762,227.28538314550383,1,282.82981069201605
1625745767,228.29359489201028,1,989.7147059053257
1625745772,469.6010993644949,1,559.45352192253
1625745777,511.8653116280194,1,493.98559553177523
1625745782,162.62427694849302,1,250.4075486656122
1625745787,726.9546937561722,1,220.16299477045175
1625745792,206.13831102492253,1,578.102963574417
1625745798,88.85417861005584,1,919.2278451673308
1625745803,713.3366492514774,1,877.8109816822194
1625745808,426.84132322282676,1,805.779773188342
1625745813,521.1579017534979,1,300.8809684834314
1625745818,905.1826689474844,1,725.7717378270767
1625745823,827.8043948065937,1,466.21476043584465
1625745828,31.470195856083237,1,396.11056259883435
1625745833,665.2555728148733,1,353.3563747712032
1625745838,770.1883822186554,1,17.96847721605843
1625745843,405.0398274109819,1,353.68301473256
1625745848,633.4907906037705,1,199.0616251181575
1625745852,621.2947417680705,1,437.5845910661537
1625745857,789.5651623260509,1,453.5754700102913
1625745862,420.64181827370174,1,969.4509236687398
1625745867,575.1607715553827,1,78.92316899140172
1625745873,958.6652372575579,1,501.1338529863573
1625745878,151.94449892180228,1,136.30687213125313
1625745883,853.4806718123267,1,418.82021682892844
1625745888,251.06760423775165,1,740.4338294437748
1625745893,774.2965591748808,1,206.57706214698524
1625745898,117.01572013814798,1,249.16516910856367
1625745903,713.9235300810129,1,248.96767119878248
1625745908,516.4575459717145,1,45.914237983505465
1625745913,576.4136084044823,1,29.970968517298303
1625745918,412.0031841996492,1,938.9598282292809
1625745923,342.5763104788556,1,628.9734966027412
1625745928,21.758514568483545,1,228.31757510506011
1625745933,475.81143500910207,1,977.9772629474542
1625745938,166.16901945208895,1,881.3652617506112
1625745943,547.9317526874435,1,166.6342155719406
1625745948,232.36102411164416,1,135.1152103626646
1625745953,589.4644130217486,1,480.6628004094433
1625745958,717.1126684634473,1,31.064977874927123
1625745963,81.97783827673399,1,980.1325992532894
1625745968,112.44727522688113,1,666.2560338437629
1625745973,132.57508395192474,1,490.6491229841209
1625745978,107.98924079842165,1,292.9743877480695
1625745983,414.73442982566445,1,444.3950914600019
1625745988,452.63529719685926,1,254.00833772817722
1625745993,277.70584375943076,1,199.16456076708656
1625745998,861.3707639962657,1,238.23010525222844
1625746003,761.8502438676388,1,239.9745806093857
1625746009,603.4315684402388,1,573.3133244876337
1625746014,493.4268964282944,1,65.6842516660513
1625746019,663.3255782157679,1,532.5786324162981
1625746024,843.8063294215181,1,946.5548840137355
1625746029,939.9620137590359,1,668.3497824840301
1625746033,739.9520655436417,1,50.227030323339974
1625746038,920.3930754856522,1,444.9930801384343
1625746043,910.9362203175987,1,443.6801191688143
1625746048,728.1778850825156,1,334.3296140192356
1625746053,595.5235558015132,1,36.0104161952175
1625746058,762.4820854847021,1,660.7911391601455
1625746063,155.3869692834168,1,808.0712458328118
1625746068,188.7098815066739,1,903.114395826575
1625746073,114.84569671831079,1,435.04808652665105
1625746079,956.3233785232405,1,636.2237955750472
1625746084,749.3096677404608,1,229.89856832481635
1625746089,461.7698217578657,1,547.0633121210435
1625746094,979.6568260107565,1,880.4066124481863
1625746099,366.9576683251303,1,900.4489407383016
1625746104,397.9814365731711,1,709.637553659187
1625746109,864.9762743551933,1,837.5932067870152
1625746113,291.56734805530846,1,726.2216687313456
1625746118,58.84255140411953,1,35.99911362498875
1625746123,477.2256686552272,1,942.6433550686986
1625746128,305.7069150637385,1,573.2517517473949
1625746133,178.58148287407803,1,800.2060752891869
1625746138,863.5130493368828,1,550.2989689322483
1625746144,536.4108463472306,1,850.3361870969228
1625746149,960.5569117892669,1,826.6750614453956
1625746154,239.25858959890854,1,483.26530528751755
1625746159,257.3323300747724,1,488.4822294615828
1625746164,191.47266247935312,1,674.8987689388258
1625746169,366.7094083704621,1,750.621513580564
1625746174,732.2598875454051,1,726.9686827980717
1625746179,690.7203738979467,1,431.703775559632
1625746184,206.81799608972017,1,418.64402633430234
1625746189,883.5001774981064,1,930.3435571348524
1625746193,334.0645551230915,1,62.00749496365032
1625746198,89.35011510020885,1,475.33786776033617
1625746203,870.6334284738963,1,679.7193228219937
1625746208,77.18601910956946,1,972.8798837790675
1625746214,233.92912319403726,1,999.4036761801704
1625746219,108.15218694250672,1,887.898589281943
1625746224,605.0351477907733,1,612.5712480287635
1625746229,957.9020221009297,1,583.4206138952636
1625746234,312.70232319968295,1,481.1161941571613
1625746239,860.570929135746,1,414.2140436363736
1625746244,120.66101334454093,1,824.6031391593727
1625746249,155.0201987653308,1,594.718252698189
1625746254,160.89727535153264,1,197.824201995613
1625746259,268.3656649000561,1,605.3309936549645
1625746264,324.7196956572198,1,509.71450224045157
1625746269,55.59792004578168,1,287.5878205444782
1625746275,731.4615901296349,1,659.0497544803187
1625746279,881.3531337536701,1,132.82228638624528
1625746284,622.1758030324548,1,14.920491008957647
1625746289,650.3317076925891,1,868.859294168118
1625746294,493.97499306133477,1,874.4149039489289
1625746299,1.8385272439414013,1,776.6142473748479
1625746304,211.66418162255306,1,338.0061083684519
1625746309,332.40801176345315,1,157.71689017568502
1625746314,59.54358747092825,1,384.71137591220685
1625746319,215.0836688341069,1,663.1470061229007
1625746324,470.89009096583845,1,762.1787950545198
1625746329,176.86951104542425,1,372.1785020416889
1625746334,379.44833758131824,1,167.59358658875666
1625746339,975.013026020666,1,374.6257035316318
1625746345,550.6869457344544,1,947.9401220075102
1625746350,291.5917744997949,1,404.54047420780716
1625746355,785.6447072613405,1,635.0884573570922
1625746360,723.4595798325288,1,750.315774902677
1625746365,852.5662603497386,1,322.9052083647391
1625746369,675.6921250357492,1,127.93199065234529
1625746374,337.49968907395447,1,538.7485879404063
1625746379,131.60386411360804,1,557.2815052852533
1625746384,151.50950850835244,1,537.0568138217521
1625746389,647.168300754112,1,85.69449843412802
1625746394,166.6909441317489,1,103.15803645973709
1625746399,443.86163338612715,1,720.6611651801908
1625746404,743.9149998202117,1,83.92814834425388
1625746409,308.7920680068731,1,381.1213072576668
1625746414,770.9824274616358,1,119.63260774962536
1625746420,577.3265970746719,1,472.5186944009032
1625746425,150.0270989851641,1,927.4666880246918
1625746430,709.7586842091255,1,707.163322350102
1625746435,497.6295205506678,1,49.339663265109856
1625746440,583.9766003069614,1,603.5060140475313
1625746445,580.8396178863447,1,119.83913354946552
1625746450,330.3201506603647,1,234.02676822831148
1625746455,778.4559567161812,1,408.69487422947014
1625746459,318.2028982687496,1,983.0162602360617
1625746464,591.3783734276323,1,947.1952164835917
1625746469,267.6065548272841,1,507.1591310747143
1625746474,31.18385654975031,1,839.7768027154897
1625746479,668.8242522932769,1,651.2030019628036
1625746484,85.4329276402822,1,98.41589973238784
1625746490,33.06629717415221,1,598.9404917408065
1625746495,525.3871985419948,1,304.632179921798
1625746500,512.598325743099,1,80.18604954923003
1625746505,111.22087995443653,1,716.1297215112672
1625746510,185.43303203091554,1,504.46643646324605
1625746515,926.4781980168929,1,784.728207429965
1625746520,625.3453608342569,1,651.9597811250682
1625746525,693.1326106965748,1,959.7882111371176
1625746530,117.85283271587099,1,175.1304971730081
1625746535,677.4249384573858,1,715.4407366205045
1625746540,147.1496783716719,1,6.96501256862847
1625746544,281.61815758429964,1,887.3495610116585
1625746549,193.78259212641458,1,643.2833127926513
1625746554,855.4381021595742,1,140.35021419829042
1625746559,839.7071544215349,1,679.9811158954307
1625746565,271.44183731480456,1,45.12765668834551
1625746570,83.49669812139659,1,407.06669378337534
1625746575,649.6530086724897,1,231.24952152905453
1625746580,296.7374530266285,1,358.9399962635214
1625746585,437.945062242171,1,144.6207435684571
1625746590,591.5156346022197,1,616.5904447830756
1625746595,145.87301226867888,1,387.1516366020991
1625746600,472.4820680573164,1,177.4591586626203
1625746605,71.62068658835008,1,600.6426052273227
1625746610,484.9968178152161,1,630.9408068757133
1625746615,675.7288174281689,1,599.2167442244669
1625746620,378.6601550509432,1,683.336269683795
1625746626,53.217290156093,1,506.8364326169138
1625746630,834.1045638357432,1,200.07918865362862
1625746635,590.1473513534401,1,148.40209543672933
1625746640,566.856457239271,1,512.9429882766855
1625746645,104.75535972008588,1,832.6595423794773
1625746650,157.60261235599847,1,866.5104754346625
1625746655,950.8134699646564,1,988.7704716787473
1625746660,61.16635376395196,1,345.4010444645139
1625746665,976.2515049323207,1,240.18463865147078
1625746670,230.38907398145358,1,178.67007415322865
1625746675,298.3460166004591,1,361.7753475879508
1625746680,735.0252966765632,1,410.61900383571935
1625746685,383.61091653239345,1,939.5721047701282
1625746690,754.4203808729188,1,961.2998451050732
1625746695,352.19946179309323,1,285.47489934889904
1625746700,736.5010937127115,1,681.713346724435
1625746706,100.06232930994075,1,428.8238657053469
1625746711,220.44737161889404,1,197.65276200011738
1625746716,224.84102460240308,1,567.5085220920748
1625746721,457.9291410364082,1,895.0329954754407
1625746726,721.6739247352499,1,796.4391310300358
1625746730,195.21322440112854,1,44.1868532476386
1625746735,491.54252471485336,1,901.8031193219944
1625746740,718.6224714446344,1,709.9513320918508
1625746745,276.90231730991724,1,504.84864435407195
1625746750,957.2392101973486,1,120.47895172608747
1625746755,247.16504774831017,1,426.35901029824987
1625746760,283.4895989435191,1,645.7855967052543
1625746765,30.791400300284934,1,218.01269512995225
1625746770,874.0513769429583,1,495.40941818521355
1625746775,102.60364351471097,1,843.0980597909462
1625746780,575.7451598776266,1,914.6483926361609
1625746785,546.3512944396821,1,288.32569512735563
1625746791,164.6772696902612,1,725.2392618096018
1625746796,926.0984501600677,1,830.6396878934287
1625746801,458.4997241917046,1,906.7318132807418
1625746806,308.8121229907651,1,975.9777618608737
1625746811,723.4686823184743,1,890.0209901425187
1625746816,18.407548101258776,1,17.002633111982025
1625746821,257.86657828448045,1,878.4692889995757
1625746826,992.8612636245836,1,338.18214049122577
1625746831,494.7829268594781,1,821.855554742106
1625746836,325.875943546606,1,221.6142082582262
1625746841,779.3252401138546,1,344.21657902536987
1625746846,758.6366830436558,1,996.1843480427729
1625746851,482.78168875119854,1,621.8272960140424
1625746855,241.72416840721132,1,24.640282431717786
1625746861,929.4323931102015,1,778.5375745509627
1625746866,799.1631527686001,1,664.7271872876573
1625746871,856.5828228825445,1,122.01978106577648
1625746876,523.4191509854068,1,976.5332907833143
1625746881,696.5732469387334,1,498.8768622280122
1625746886,730.082380306624,1,411.6538069267707
1625746891,768.2276878484834,1,164.83516014593513
1625746896,862.7787682271345,1,921.8273888179287
1625746901,667.2973233105052,1,17.34546289985317
1625746906,311.94153456040897,1,104.58806449427394
1625746911,439.4022960948687,1,443.91058405900674
1625746916,685.5011170464826,1,978.5934083384476
1625746921,958.8843355313975,1,725.5421463692012
1625746926,425.96953299180564,1,397.140097021784
1625746931,792.5777452392574,1,179.2448234847772
1625746937,828.0976252848463,1,688.5985724197243
1625746942,434.13771936332637,1,507.77759185713643
1625746946,186.18379559289465,1,908.842047973278
1625746951,403.2120791494054,1,83.71920849445269
1625746956,842.7495067538424,1,733.0990582940854
1625746961,331.0044965753381,1,765.7642036834794
1625746966,563.8348777649477,1,961.0275410519013
1625746971,831.8811761885006,1,919.016963653979
1625746976,814.3949811586101,1,395.326282535996
1625746981,987.4719119933142,1,381.77964891594297
1625746986,924.6097140488288,1,345.1253198192872
1625746991,458.68463381947436,1,436.01542615471743
1625746996,739.3941816223111,1,643.110058540607
1625747002,171.2931136716145,1,347.5074861218644
1625747007,434.6790430148421,1,120.3463460574521
1625747011,786.997446395944,1,648.0457265519858
1625747016,711.4079867953332,1,303.7158814812001
1625747021,634.444881717547,1,142.20342309795174
1625747026,378.58803477951875,1,364.50036731536375
1625747031,809.6158894480159,1,194.9853568066222
1625747036,387.6656791978822,1,307.8545984196709
1625747041,903.8232729508842,1,456.5315365095367
1625747046,50.153635460629346,1,134.68695076177073
1625747052,437.5721971675081,1,21.968800669692314
1625747057,467.5854044947971,1,390.95738615934516
1625747062,992.5331781972136,1,527.3592705903671
1625747067,26.945889270447275,1,633.8626169528496
1625747072,180.36927235896093,1,718.5719047697249
1625747077,205.75097724346557,1,957.1900895097415
1625747082,670.2305212114055,1,173.99639428547786
1625747086,319.59478038085985,1,724.7945233706829
1625747091,236.11314419897823,1,642.6462097996897
1625747096,302.5367846445504,1,35.315347906730075
1625747101,166.32660325058924,1,607.807342951962
1625747106,99.0778951898581,1,484.66817988764876
1625747111,900.9976804753068,1,387.5493843062295
1625747116,868.2125251058271,1,385.3923003111743
1625747122,696.4663424318209,1,224.82252527903646
1625747127,448.30891639220914,1,451.6250410051631
1625747132,739.8223032912731,1,242.33854986094417
1625747137,540.1479451417148,1,851.4377737439797
1625747142,0.5427876777324148,1,884.918975095365
1625747147,858.7602391219292,1,578.7634117391486
1625747152,272.7001787008697,1,41.563389244072326
1625747157,247.7768563503554,1,997.5545142990804
1625747162,159.6129689595337,1,631.3363020642133
1625747167,998.5173795879316,1,681.6438194487782
1625747171,27.841089448924382,1,204.61633806094937
1625747176,566.2693451224676,1,913.6657558624394
1625747181,319.43088517958563,1,410.7391273385724
1625747186,615.0772849856426,1,342.09796193874666
1625747192,686.2692704759797,1,824.1673981039432
1625747197,77.39918988254757,1,831.8777392817432
1625747202,589.9151341218171,1,116.7324078844535
1625747207,304.36592814123844,1,814.1482000818462
1625747212,701.5638709631979,1,379.03155029624116
1625747217,664.8834864092548,1,855.6246305290883
1625747222,312.7207444899063,1,198.68153950318467
1625747227,276.8655870578995,1,467.10220179869077
1625747232,216.18511128215613,1,18.88698387751497
1625747237,211.51010267485083,1,671.1333275531974
1625747242,93.1855241214956,1,152.88440675557092
1625747247,182.40533240174906,1,696.3952552333417
1625747252,315.6770092192118,1,396.5825605278993
1625747257,736.6574053052739,1,584.378281080971
1625747263,478.2736712439997,1,444.5875733087329
1625747268,517.0827681456055,1,34.51060965064756
1625747272,663.0131081018967,1,708.3434103002776
1625747277,615.3505546578807,1,606.5791763387768
1625747282,928.7400649555622,1,797.0346813762405
1625747287,128.94962117445806,1,402.3159580521616
1625747292,337.57891367441584,1,943.0038486055676
1625747297,153.7867532247319,1,597.4275775566579
1625747302,781.5911481532626,1,327.6799763575017
1625747307,863.5065218048793,1,55.41203947761397
1625747312,266.7607863208812,1,338.467163391288
1625747317,461.30166926961846,1,667.6107562635301
1625747322,228.01907951225374,1,711.895078311233
1625747327,445.717863340208,1,800.5970581083905
1625747332,982.8379415821142,1,696.9116083202322
1625747337,255.0377895587387,1,140.83441117354278
1625747343,942.3377367682183,1,410.9431921597273
1625747348,282.170699963215,1,484.3085184438107
1625747353,563.8505841455568,1,519.8334459723923
1625747358,961.1151702419999,1,380.42836831030866
1625747362,889.0509348726861,1,13.689305614631442
1625747367,985.1659339460775,1,587.9118778581776
1625747372,524.3439922823612,1,889.8366147087072
1625747377,234.89306255902176,1,696.7523385502309
1625747382,8.034283529890551,1,910.4608608977072
1625747387,69.94443774674575,1,3.9632985804956
1625747392,110.36446347398909,1,648.150355302582
1625747397,812.9512133946224,1,369.0016013259476
1625747402,931.9140287080551,1,842.6686086227223
1625747407,456.91441959615776,1,713.0812339299677
1625747413,922.8102754566214,1,695.1755196429718
1625747418,430.7076306305453,1,538.645286432243
1625747423,625.0778545578754,1,353.2423216432179
1625747428,122.66046475515147,1,132.82000919801274
1625747433,44.216796127270584,1,175.93100413024277
1625747438,392.1293575527914,1,361.6125917080157
1625747443,850.3536677432827,1,800.6318361390252
1625747448,486.6790899193846,1,367.94581012440307
1625747453,876.2814682469757,1,903.0918527709193
1625747457,261.7815774634792,1,342.4755329859669
1625747462,667.2446634359877,1,393.06900659593504
1625747467,895.1991282810671,1,455.7736278314346
1625747472,708.9117347543323,1,617.3812068192077
1625747477,64.49933140324615,1,216.2589455718481
1625747483,744.7099926519169,1,649.9810874650254
1625747488,869.1099632850303,1,970.7313127455093
1625747493,636.3042414473648,1,588.3980384026959
1625747498,324.2554871310841,1,92.1420513406317
1625747503,131.83202156307073,1,803.8922325834494
1625747508,619.9341361555016,1,29.0749300255978
1625747513,811.5413410529402,1,618.5336108717628
1625747518,251.3375713727848,1,828.197947382081
1625747523,271.31313727471394,1,918.8442089612685
1625747528,705.9453115861339,1,817.6872955712274
1625747533,188.41697316467722,1,728.4494297377072
1625747538,395.73471454034615,1,767.4507816205246
1625747543,463.595776495522,1,920.3133325446355
1625747547,599.9464180562529,1,260.14929222908233
1625747553,837.6805688610098,1,674.6596794376813
1625747558,124.67597127629071,1,32.913027107108306
1625747563,693.50194789007,1,306.79560626386035
1625747568,370.8869079329574,1,328.78149917096687
1625747573,644.6143097822116,1,978.0821106107239
1625747578,353.54905030670125,1,552.8976712780651
1625747583,716.6392902008653,1,44.677729094515506
1625747588,643.4122694230235,1,813.1115453558382
1625747593,695.8356057290201,1,326.9908000132045
1625747598,61.96896038041222,1,867.7838640115218
1625747603,569.4224727804669,1,35.706305564907616
1625747608,492.6026758122324,1,63.23028640443695
1625747613,945.443161655319,1,58.62516067836143
1625747618,260.5538464076814,1,555.5461468275059
1625747623,214.41060891343565,1,590.3139152441161
1625747629,955.5721097609973,1,340.7576266241389
1625747634,814.1015885712752,1,920.7796492475637
1625747638,239.00523887068815,1,805.7414195199193
1625747643,861.7625254713608,1,540.2546928290378
1625747648,397.2630361037015,1,930.6469964576875
1625747653,219.38623295600968,1,468.01890325636674
1625747658,122.37885150953542,1,270.2798940427761
1625747664,617.9634667295769,1,980.4487879112688
1625747669,54.685997124835794,1,93.81471978098566
1625747674,161.6860703469213,1,256.73324552315466
1625747679,989.9703693247573,1,824.1889568921771
1625747683,504.5784648314535,1,142.62918472949914
1625747688,702.0172520707534,1,273.58907492210193
1625747693,397.1895613376245,1,469.07042032485333
1625747698,70.03114269662014,1,280.71258736749616
1625747703,562.6388714909646,1,572.330440856884
1625747708,528.3822529166019,1,708.230817586155
1625747713,917.9545439411137,1,717.8486776659272
1625747718,813.5664116184149,1,422.47052640808647
1625747723,712.370562465997,1,605.9539845044985
1625747728,0.8158526498172058,1,747.2855116996288
1625747733,928.7899805718378,1,562.8776378450806
1625747739,971.7582907389087,1,934.0354232489373
1625747744,273.3233695788698,1,126.08970622045335
1625747749,696.8053462401465,1,721.2852103995006
1625747754,761.6540053164688,1,703.6831426177755
1625747759,154.09522455024648,1,951.1680259555148
1625747764,566.5632123507838,1,710.9692882759857
1625747769,833.9855459140217,1,172.32551129521855
1625747773,700.4989743785115,1,904.4527965183414
1625747778,728.0778848570889,1,978.0839565829232
1625747783,818.4400750663058,1,587.8717822573122
1625747788,498.9695037041753,1,617.3008868997659
1625747793,2.9711824801613718,1,454.0890196571754
1625747798,336.41103301573503,1,866.5081145543135
1625747803,664.5459433565405,1,250.4971471856068
1625747808,382.96296380611096,1,786.0901135442682
1625747814,500.0991847779562,1,367.5771699240986
1625747819,753.8800384083363,1,398.9054749610592
1625747824,912.8290888420931,1,206.76913959386957
1625747829,168.72385864040618,1,453.7403880314208
1625747834,31.08137508389841,1,594.4458747701708
1625747839,283.64914478689343,1,773.1603196781326
1625747844,866.4320931084005,1,86.22407521855224
1625747849,581.5930614202515,1,568.7074434668817
1625747854,627.5097824157976,1,215.91795692664283
1625747859,401.5087257807557,1,947.1080448288346
1625747863,429.6730876799819,1,255.08687223997916
1625747868,516.7359558063204,1,368.4660182513919
1625747873,799.8442406294879,1,984.4199215922804
1625747878,896.6365870916725,1,368.70734023488484
1625747884,424.6906195424417,1,162.33206255544098
1625747889,585.3990111166207,1,569.3133604508124
1625747894,498.6767312220054,1,587.4384428776118
1625747899,328.72847506202595,1,91.2725014988881
1625747904,31.624746119769732,1,871.4718123345345
1625747909,884.8993435825327,1,518.9460520297482
1625747914,324.3029861872944,1,702.2829144798159
1625747919,223.89136078467976,1,653.0691319371736
1625747924,31.80799056034722,1,620.5087490468358
1625747929,790.2292731873856,1,408.3984015217298
1625747934,340.34472854898956,1,249.13304940763769
1625747939,65.48248283707936,1,386.7088673052703
1625747944,581.2919275957453,1,796.436820732619
1625747949,89.57194307441196,1,254.18795143492113
1625747954,410.6427279055932,1,246.821096988727
1625747959,801.1160748528797,1,16.161814176333333
1625747964,571.135963420302,1,410.8683356941474
1625747969,841.6885715992486,1,382.02251323119964
1625747974,323.3665178741939,1,329.11831518039924
1625747979,283.34856392164187,1,497.8380600610595
1625747984,241.2372257230121,1,19.811103023713805
1625747989,920.0510378866894,1,570.1796590628137
1625747994,92.2649168023717,1,288.865950351469
1625747999,789.0926515972315,1,67.07257534946687
1625748004,606.0816503728026,1,43.31439851345531
1625748009,326.75868749916714,1,843.6785637785647
1625748014,732.2059901336429,1,983.1110027192527
1625748019,521.5990247382066,1,362.4804133580675
1625748024,423.6477102206331,1,609.6482983654264
1625748030,8.69140261732837,1,149.62085385830804
1625748035,494.6334366553949,1,554.4775663956816
1625748040,788.8840813007682,1,318.032129843183
1625748045,892.7962856765165,1,373.87583248871215
1625748049,89.01547863346315,1,789.586182051178
1625748054,18.291657390960836,1,202.32472385700316
1625748059,373.77086569068774,1,236.33219124595828
1625748064,999.8314658327325,1,242.12310876585263
1625748069,139.07285342365105,1,536.7246007891753
1625748074,101.54917562453892,1,671.8123224399517
1625748079,463.2495069421463,1,86.46559814961886
1625748084,451.5184721046839,1,570.5472166507337
1625748089,358.8483279395683,1,823.1969226497605
1625748094,834.8761922020049,1,219.81630127073382
1625748099,388.6524533983894,1,605.911358059196
1625748105,429.6969351886891,1,201.94813424264834
1625748110,308.62319481461134,1,247.87130427263938
1625748115,645.5088040820762,1,63.70566025870639
1625748120,343.1790424482584,1,228.40346017599856
1625748125,981.7287467602898,1,653.1647311308902
1625748129,140.08833260307262,1,924.6921620223006
1625748134,401.0587579406597,1,222.31301278309655
1625748139,189.59286697986255,1,208.25379337972305
1625748144,721.3716465129743,1,872.8418379541188
1625748149,112.1030769902066,1,868.8958806023356
1625748154,94.80458263666081,1,218.00165410208828
1625748159,448.45437407694146,1,566.533326563439
1625748164,656.2713113657247,1,251.84911839157863
1625748170,544.4513101794558,1,701.254821630815
1625748175,792.6260544139341,1,324.5520029472045
1625748180,566.0404690292158,1,645.6412650578509
1625748185,381.11598694848306,1,987.5791949716897
1625748190,262.35890924527484,1,439.78950048237476
1625748195,460.0208508703109,1,917.6602667204086
1625748200,601.141615478601,1,126.17445374773928
1625748205,579.599312359744,1,478.5466630201991
1625748210,15.202223645810363,1,43.89644993426023
1625748215,7.3685581627490615,1,13.163403477301383
1625748219,541.2164509900371,1,333.6423875321677
1625748224,763.6889823835213,1,157.15582212920066
1625748229,314.75008298834393,1,677.5970478842469
1625748234,392.58395371890754,1,262.6737772133533
1625748239,560.9223691702311,1,542.4555166098655
1625748245,445.2998363424134,1,56.19955562884471
1625748250,631.4467369034853,1,366.62049834159336
1625748255,902.5280382387479,1,517.1278286441612
1625748260,669.8301345374914,1,770.747870920364
1625748265,483.3218265026836,1,448.5975076968315
1625748270,911.6567467503318,1,838.2918027954723
1625748275,798.0215316869949,1,565.8234063134083
1625748280,361.169532025881,1,251.9774824924802
1625748285,178.05511795955886,1,100.07708463300614
1625748290,934.4568229719268,1,853.7035687874288
1625748295,352.03272999597255,1,811.8400330665506
1625748300,69.74180102549244,1,367.88113165958737
1625748305,795.4555313559182,1,30.94569244594425
1625748310,113.4744388878265,1,268.40826310773434
1625748315,936.587522045464,1,454.30779428703283
1625748320,474.67405828736395,1,332.24246550867775
1625748325,595.1958202935994,1,195.79849246027604
1625748330,967.4359054266471,1,390.87519241281024
1625748335,221.1763147429613,1,213.80973329383468
1625748340,941.4797635542885,1,326.0657564327435
1625748345,109.3991052676857,1,158.95064948929928
1625748350,632.5017533005188,1,947.2145312570124
1625748355,733.9092069848382,1,759.2739472811129
1625748360,687.9285694987532,1,102.12999513734266
1625748365,373.0030264133172,1,668.5790964245493
1625748370,470.1305968826256,1,106.17820757618601
1625748375,6.397020738884263,1,773.030866520999
1625748380,579.5174164624567,1,300.5309423134183
1625748385,42.06429510438292,1,14.003324244855953
1625748390,36.12730661461494,1,570.2056949535147
1625748396,274.312499410553,1,25.282597870868063
1625748401,812.8746581678058,1,846.7019282085793
1625748406,852.9149288093139,1,188.23081629050876
1625748411,419.69459703246434,1,696.2902296218826
1625748416,237.81301573101754,1,920.0505635026478
1625748420,129.21705875503386,1,839.5361440955174
1625748425,672.9333061725182,1,171.83732113730045
1625748430,235.7222939105108,1,974.6989198087707
1625748435,699.4815266814625,1,721.7386775931321
1625748440,615.0196478979921,1,279.6171626021482
1625748445,472.7944753880935,1,104.44826917963401
1625748450,359.21137445634446,1,964.0879900585212
1625748455,992.1705331770406,1,74.76911645783413
1625748460,593.3463231293244,1,836.1961336966847
1625748465,910.4156336233553,1,716.5320058360896
1625748470,827.6449237982955,1,958.3121972877434
1625748476,985.1091425622217,1,488.31846724156645
1625748481,586.8292917158218,1,606.4374935210675
1625748486,858.4145771497119,1,156.91183461284797
1625748491,205.28181311129345,1,243.23550696124795
1625748496,113.86067138145862,1,174.00204766892836
1625748501,842.073597328182,1,481.5879931742376
1625748506,129.75032177896816,1,270.3482468970567
1625748511,102.7627591490462,1,791.1073838369354
1625748516,318.1943159320705,1,996.4245622919842
1625748520,445.302536415593,1,302.1058675208601
1625748525,860.316473120262,1,454.7387981869725
1625748530,476.08302303372085,1,635.5775140729385
1625748535,991.6614194483441,1,324.83580543553717
1625748540,630.348768671204,1,457.42095567004174
1625748545,492.6098821129694,1,458.92789226623745
1625748551,790.8995299569647,1,972.1791542413839
1625748556,47.64278065150484,1,258.69994356286196
1625748561,482.6347228875486,1,965.8781292874476
1625748566,71.1982227425818,1,869.8140437353322
1625748571,131.3045930202752,1,237.1192072757915
1625748576,988.8609610384091,1,40.807977019846845
1625748581,876.5754326244767,1,356.55042955854356
1625748586,608.5621639491128,1,581.388258643804
1625748591,856.612452090896,1,31.471034052740208
1625748596,430.82702178923296,1,468.6322979297976
1625748601,148.87541730678643,1,866.9898218179752
1625748606,608.9889734505182,1,238.53109699587594
1625748610,465.36856677736813,1,778.3737731613759
1625748615,874.4186235680864,1,767.9436272007862
1625748621,706.4808888087304,1,569.6177236114124
1625748626,448.54625214884015,1,504.84285582663404
1625748631,912.7063576399605,1,427.5996349524289
1625748636,648.7622582823852,1,702.2800207600216
1625748641,495.4871015878825,1,44.33891893073116
1625748646,200.76571285981504,1,16.47532591327905
1625748651,745.3392489410661,1,354.85873601880627
1625748656,852.8196653996625,1,657.6787042274478
1625748661,16.090087658281792,1,126.0962645606305
1625748666,670.5189764236171,1,52.87973578611182
1625748671,67.89087177751595,1,842.4684888600804
1625748676,812.5541172527633,1,64.15102253397987
1625748681,358.7109701366349,1,73.4659986043813
1625748686,852.6683991701166,1,280.58025706059095
1625748691,534.9293981291752,1,173.52262522201102
1625748696,40.280067494465335,1,793.7020100304553
1625748702,557.7098734823671,1,228.02601113799315
1625748706,767.4278904762905,1,407.52842782936904
1625748711,274.98700890340467,1,423.45276111342633
1625748716,933.7746675026784,1,109.26554035209479
1625748721,411.6461283591121,1,864.1131011511301
1625748726,640.9699929466393,1,223.28810550173284
1625748731,896.0086675580612,1,490.88291737938493
1625748736,484.957872255436,1,329.7468329439056
1625748741,802.8297094929835,1,464.7169379292457
1625748746,697.6672981567299,1,294.2471401732022
1625748751,496.0891324160606,1,773.935798945594
1625748756,81.42294699742037,1,623.4343971686907
1625748761,463.9485219158013,1,101.64226663397046
1625748766,409.45748504168,1,533.246170484406
1625748772,909.0208131331281,1,168.65671797388492
1625748777,78.8269007549629,1,245.36349392741718
1625748782,85.84516349561756,1,946.7030770539842
1625748787,908.1733412981811,1,969.461003014363
1625748792,251.08903085404165,1,742.9793245772132
1625748796,198.1261079655221,1,93.78379769248102
1625748801,638.0554674979462,1,195.59542021572452
1625748806,408.28012344954954,1,307.0699484155556
1625748811,203.7159542285891,1,522.6653976271817
1625748816,958.8694879318542,1,676.7042100147138
1625748821,782.5104515656881,1,847.2284603961199
1625748826,910.3145699573993,1,280.1829663702319
1625748831,365.96771948243446,1,314.9077746638546
1625748836,298.23773910695627,1,451.557902629925
1625748841,300.84262820393224,1,848.6763539808795
1625748847,159.42132873586812,1,386.7045931572096
1625748852,441.6037886672664,1,390.79441674793014
1625748857,245.24419361319627,1,29.35126520795761
1625748862,527.0260725379197,1,89.54566808507514
1625748867,818.7341214836989,1,315.2483885438907
1625748872,987.2617722177615,1,149.58876677956613
1625748877,20.489034055013676,1,919.2305309811746
1625748881,879.6192074352575,1,609.4366303801143
1625748886,83.95031457029734,1,266.9154335338053
1625748891,941.5344419968226,1,595.7894568402195
1625748896,214.0849426804592,1,330.22007880877504
1625748901,721.6681957099269,1,168.3089890541839
1625748906,513.2998471836042,1,417.69478692657515
1625748911,179.11029215573825,1,574.1904405461895
1625748917,757.8498945732185,1,43.95723951549924
1625748922,941.3677499045347,1,21.945999376325133
1625748927,676.2097316402952,1,967.439617673078
1625748932,889.8129494307104,1,228.67030829910672
1625748937,252.58772359895354,1,525.568019844155
1625748942,842.8655291134185,1,343.34290682704204
1625748947,334.3185800614576,1,577.8175709246849
1625748952,669.2884091740963,1,77.19718470264081
1625748957,837.2554215661969,1,249.39894287139396
1625748962,164.13489736976638,1,235.7292811019216
1625748967,260.0955526406394,1,514.3291246850489
1625748971,826.2536705706322,1,428.54380433264726
1625748976,194.04114216780354,1,682.1405948310704
1625748982,297.6304574141727,1,694.0672681577715
1625748987,471.1708302486111,1,476.4336534074257
1625748992,560.6341206799763,1,605.4648329999665
1625748997,471.8545471097254,1,487.94828615535533
1625749002,79.47925671934041,1,189.25034335909828
1625749007,612.5856879796634,1,925.0173995656986
1625749012,347.58091095027544,1,584.5966324391347
1625749017,880.4570863694119,1,298.48602890135413
1625749022,834.2501693436137,1,772.8606001845837
1625749027,454.522094150974,1,697.88360400007
1625749032,74.27429691888354,1,215.0967880622965
1625749037,458.4367150642914,1,825.3902389583367
1625749042,714.882556658635,1,730.2247904967292
1625749047,989.6731252138546,1,841.6399486874137
1625749053,219.58192385725084,1,136.04987187251172
1625749058,50.457702318035366,1,183.46954715571317
1625749062,761.1445562725562,1,845.6425090395105
1625749067,412.26714588392923,1,882.3037712323317
1625749072,641.0563167374183,1,876.9220145384716
1625749077,842.693296422168,1,40.027966201671816
1625749082,515.0306306022901,1,286.0426113937825
1625749087,339.8603128197567,1,207.14098039943806
1625749092,339.4187378363488,1,395.8561108764025
1625749097,900.0750191428302,1,609.0185774340908
1625749102,477.79662418169323,1,957.9566926289147
1625749107,999.3634001668454,1,836.6999383870932
1625749112,907.5915500975493,1,487.356532047821
1625749117,24.969475588981325,1,568.3051988623217
1625749122,170.87003694458437,1,947.581680376579
1625749128,740.3706632712157,1,628.6966590684133
1625749133,239.50478216536496,1,73.92031411689715
1625749138,914.1194153544085,1,694.1302633276464
1625749143,71.66205907836232,1,314.8355675828739
1625749148,161.70979720258038,1,874.3532173526655
1625749153,473.3167434527067,1,385.4293119919656
1625749157,29.16327139803032,1,378.9566293758099
1625749162,235.34701077416864,1,79.69402190147012
1625749167,341.23379917335996,1,322.98658769566543
1625749172,74.35274825603256,1,425.62615091130607
1625749177,815.7730782657471,1,227.17236705853017
1625749182,984.9640382914517,1,712.728005835146
1625749187,144.22720185665926,1,902.089931588331
1625749192,424.9799042630742,1,926.7540075704453
1625749197,907.4277047298197,1,607.7170853801223
1625749202,654.7346848654662,1,821.6451889378727
1625749207,352.40029076148505,1,787.8447356418328
1625749213,281.7999945474369,1,201.44854490108065
1625749218,732.0649842926199,1,383.50886909633755
1625749223,5.279428505082229,1,11.771188282391098
1625749228,403.2969092225509,1,24.946259561574813
1625749233,984.9567333097782,1,915.227815952818
1625749238,503.3324263577793,1,34.62149088667821
1625749243,594.4549238356979,1,90.78898625820231
1625749248,859.0427841877171,1,594.8209721100739
1625749252,360.01749326019495,1,823.4339993039282
1625749257,922.8833505387177,1,45.481560204256425
1625749262,83.82291744834458,1,886.6881380395839
1625749267,333.71307752437474,1,687.7595313277911
1625749272,839.8037465999331,1,943.2385219654193
1625749277,46.14116706991489,1,735.9258097481023
1625749283,188.30114888410276,1,952.7579705260293
1625749288,500.19906773794753,1,947.184429369034
1625749293,451.7087532386459,1,464.32982347176454
1625749298,671.181973731914,1,681.7787614204394
1625749303,735.3349742325661,1,344.59170977229184
1625749308,970.3058071033299,1,623.2165696312533
1625749313,965.4545751064991,1,941.1611787076214
1625749318,298.86103311472425,1,492.68146479664244
1625749323,89.96817662734557,1,471.4515039035839
1625749328,295.91393814901056,1,897.9001618406124
1625749333,676.9050525254628,1,955.1434498110841
1625749338,182.03666768716943,1,993.2226688332895
1625749343,23.480148000483926,1,747.9768434919131
1625749347,74.39063428511506,1,125.89127367194142
1625749352,15.465487277363632,1,486.92555641216705
1625749358,232.72012077983118,1,787.9933157642554
1625749363,955.7955314040654,1,402.10224755534864
1625749368,158.035689840079,1,372.1100195599031
1625749373,405.76296041051364,1,696.9133616731627
1625749378,588.2080290980123,1,782.0062574905148
1625749383,385.6619649572487,1,331.18188164629305
1625749388,265.20116632521274,1,421.8018741699209
1625749393,588.7166747116646,1,676.4355988975806
1625749398,450.72949550341235,1,474.99321997162735
1625749403,237.63026201313986,1,340.70277491131753
1625749408,869.8237241497991,1,388.64932879222346
1625749413,912.7705943570916,1,2.472560500350718
1625749418,409.86686949195774,1,751.4110997396117
1625749423,801.1603299506073,1,448.60039281336174
1625749428,106.4607975926588,1,153.01960338644537
1625749433,942.9751000686093,1,605.6223244010364
1625749439,832.9861061844174,1,447.56023492320884
1625749443,914.7157297092014,1,193.07298990098698
1625749448,569.5234217681077,1,125.13036536982803
1625749453,103.76889702114767,1,543.9858767690357
1625749458,66.1384164919383,1,193.03762093549759
1625749463,56.498162056765835,1,42.924874524917776
1625749468,308.2496594944645,1,246.85988673631599
1625749473,970.7255444643548,1,764.911074863559
1625749478,126.37237461785422,1,895.8183766590234
1625749483,43.51261448681287,1,76.85021628616818
1625749488,23.06449978276792,1,721.1240123675449
1625749493,257.19401368819615,1,832.0427757218506
1625749498,286.12152536155486,1,768.5785443159222
1625749503,111.94322249334488,1,71.70327933930143
1625749509,454.3235415134376,1,689.1872706594452
1625749514,503.6759886983283,1,896.8847516216111
1625749519,451.30926168913766,1,978.4437753112904
1625749524,254.3580625844587,1,19.682576248462702
1625749529,221.03925729988904,1,963.9708037467705
1625749533,970.9471372999111,1,902.0861801187411
1625749538,517.0395776709295,1,843.1672640472203
1625749543,823.0513651270307,1,880.4898335476312
1625749548,915.0404813761521,1,971.3653647495105
1625749553,262.34349617797847,1,117.92393412636582
1625749558,948.2186471113197,1,993.8120150567529
1625749563,573.8696171205299,1,66.90754671123489
1625749568,85.11677459627498,1,251.75257422370666
1625749573,756.2980876596009,1,633.9592813744375
1625749578,677.1785853546513,1,77.33196529625752
1625749584,521.157681987393,1,760.8713385015036
1625749589,856.0516648662655,1,230.38313946751975
1625749594,17.127022455977748,1,354.60551219413463
1625749599,36.35159337120275,1,382.01697092152773
1625749604,202.00008576045735,1,661.9964382117892
1625749609,319.04944741112297,1,477.9561032557887
1625749614,970.2287163170975,1,380.35115188458656
1625749619,851.2693334607883,1,234.58717817706676
1625749623,206.7214685806691,1,181.65028238580106
1625749628,502.91259407025444,1,351.68852216204317
1625749633,777.2730882808679,1,395.6406017493801
1625749638,7.638323217574072,1,139.79259273104194
1625749643,122.6493689289816,1,413.0462452193322
1625749648,689.4278989831772,1,732.3598020388371
1625749654,27.622664492565896,1,829.9225264110581
1625749659,775.9696386560021,1,411.6935918786113
1625749664,359.4316378771797,1,431.46584066579965
1625749669,71.77103791089678,1,554.2611319128343
1625749674,74.14094224084744,1,110.13350122365573
1625749679,928.2167272267201,1,480.3688816066476
1625749684,676.7397675451639,1,608.6002311126201
1625749689,271.34104632162905,1,962.6748388594605
1625749694,84.70745378106403,1,280.8930049129408
1625749699,213.10287878290356,1,148.61767426113792
1625749704,618.978515216753,1,661.1341302851209
1625749709,26.287835514280932,1,227.4545967306977
1625749713,655.1733212650436,1,632.9425703306073
1625749718,70.29511901975172,1,820.2928312986444
1625749724,476.6610098609637,1,96.07821242512703
1625749729,444.09673001751906,1,991.4719081574357
1625749734,635.1552209305197,1,750.8710223419981
1625749739,558.309190909652,1,125.22228830600423
1625749744,840.3983822355041,1,563.9890268117222
1625749749,570.9468501988323,1,39.14050969715876
1625749754,154.97884646610183,1,567.9244084007714
1625749759,347.0057938965779,1,425.24642167290983
1625749764,290.9908383781523,1,386.09807693499255
1625749769,672.1600342612205,1,532.924897081562
1625749774,710.2486054261774,1,598.7076217222609
1625749779,282.76542611271105,1,401.7193515175471
1625749784,277.8971565437639,1,182.50463393698502
1625749790,540.9104203036203,1,584.6847432482788
1625749795,559.9326319750144,1,509.842653580558
1625749799,472.90554804531416,1,296.89205666125594
1625749804,778.3981936365129,1,95.96964176861434
1625749809,356.46480323030585,1,103.90267724545477
1625749814,624.5175870841211,1,584.1555026923999
1625749819,55.63029568566591,1,409.9161692461304
1625749824,901.0591505754062,1,579.4808262838053
1625749829,98.57632897295365,1,96.28742567752913
1625749834,532.7011069991158,1,435.7225789134791
1625749839,822.7794980251251,1,132.77724342006903
1625749844,199.63433665919504,1,95.6420806213395
1625749849,291.2553240511848,1,973.9403276208424
1625749854,458.2538792444739,1,541.1143892811332
1625749859,644.8707895644358,1,152.2862868652598
1625749865,97.34742299824117,1,362.07287297235956
1625749870,896.9927955767188,1,982.2181856811587
1625749875,913.0975766001036,1,766.4325905411707
1625749880,211.40421612025727,1,441.3296575159914
1625749884,486.51886489178963,1,969.3862572321199
1625749889,511.6135856412681,1,548.6209194172825
1625749894,718.3090249441656,1,90.24418164373161
1625749899,944.1263091123658,1,315.8963949143592
1625749904,264.8018821725603,1,296.94682366976986
1625749909,620.2875779386965,1,215.47748473323026
1625749914,961.6743798619805,1,149.27427342884926
1625749919,66.92667772545336,1,143.97371288036774
1625749924,296.8265371156964,1,656.4931718638406
1625749929,566.8292997018808,1,830.8993551503766
1625749934,868.582391877941,1,66.72698768394292
1625749940,723.266468395662,1,258.22049721854455
1625749945,48.8414538818236,1,504.84131439505586
1625749950,61.26751668895736,1,841.415546256211
1625749955,162.45826780332527,1,262.36170987313835
1625749960,720.5152822296633,1,246.399982516891
1625749965,933.9811841695162,1,384.26968656283645
1625749970,504.76807081693886,1,854.8991468782395
1625749975,671.6053997920126,1,588.9593279260424
1625749980,950.2991476536858,1,71.87231730344278
1625749984,227.07634616270545,1,972.8175567619809
1625749989,146.34470777011654,1,123.83996214461457
1625749994,651.2349863636576,1,191.57188756026167
1625749999,784.9388847647014,1,411.0185812535894
1625750004,260.4630456421341,1,256.61307122543144
1625750009,102.39453684916467,1,236.71375246817317
1625750015,532.6281686684478,1,943.9557362212009
1625750020,782.2848201497966,1,185.2876821076165
1625750025,496.0369097230045,1,372.4786075154376
1625750030,567.9456120618099,1,99.14347815699931
1625750035,585.7896197630774,1,180.84692988311812
1625750040,844.7304057595641,1,512.6282216020395
1625750045,983.8357870194845,1,111.44512646308169
1625750050,127.60657439400957,1,236.7434964343318
1625750055,287.6148393883111,1,715.2451018069434
1625750060,572.913475336938,1,206.3877018484489
1625750065,663.7253279403094,1,422.43889973301674
1625750069,934.5592359991066,1,557.9828822716282
1625750074,24.508448596948895,1,806.6297343172354
1625750079,930.5912313385447,1,509.3314058144347
1625750084,944.2992021725372,1,510.2876860642791
1625750090,667.5366528755814,1,978.09934403104
1625750095,126.55382228687584,1,829.0409231498223
1625750100,494.4004947997814,1,966.2541646690837
1625750105,1.8961655433482605,1,283.32576584675417
1625750110,598.5809529195398,1,724.0405347739959
1625750115,129.74921324093393,1,877.2141315437304
1625750120,500.6925170184418,1,210.72783027984266
1625750125,282.67428035158713,1,973.2602773965385
1625750130,808.4768269255163,1,715.6049053198404
1625750135,593.489351948795,1,444.46664772672983
1625750140,621.357394125695,1,969.8484641111739
1625750145,761.9722707392365,1,723.5938071968322
1625750150,572.1076594302172,1,149.39957593023956
1625750155,762.3853804659531,1,607.790845645467
1625750160,901.5296747982206,1,775.4165920101522
1625750165,617.7265457168439,1,822.7815562821099
1625750171,202.58353258548033,1,299.9277963338985
1625750176,854.6803279850637,1,863.6175736487721
1625750180,574.2941969482775,1,710.8051129625866
1625750185,108.50212694377336,1,44.43350499610088
1625750190,190.84115690465842,1,596.0642680582513
1625750195,783.931206980832,1,871.9705394278941
1625750200,530.9863870644265,1,19.838923179754552
1625750205,611.7339834919501,1,249.25548095525207
1625750210,306.51828209346667,1,231.37157759565085
1625750215,676.2929467995355,1,887.240360623262
1625750220,70.40921275469792,1,557.3313775916525
1625750225,974.0650222181334,1,2.0553670014517023
1625750230,436.25541514791723,1,923.1564258941227
1625750235,632.6534883748535,1,580.5650985308828
1625750241,176.26436035048098,1,870.492438350232
1625750246,553.2058705523586,1,462.02370007368097
1625750251,327.1808027741856,1,947.8597174862891
1625750256,803.0332456478523,1,291.8113951897576
1625750261,979.3226941279374,1,166.2439745584019
1625750266,589.5301549208444,1,215.63080360523324
1625750270,76.18448167976454,1,249.31962303373746
1625750275,990.0764668030079,1,488.4085501417567
1625750280,249.33496120748578,1,541.5481211551962
1625750285,835.6588617881042,1,38.865201348413756
1625750290,159.69061793616646,1,241.64259955729017
1625750295,679.1258330285552,1,353.7955122111146
1625750300,731.4106442040729,1,632.1742965591469
1625750305,693.5759468208514,1,799.1709605875158
1625750310,33.98692464249198,1,909.8618824779837
1625750316,604.2859572495166,1,979.998658217124
1625750321,892.5692377973078,1,269.901608771259
1625750326,461.3562104686374,1,837.3246436105561
1625750331,852.7734588336726,1,949.2589542273593
1625750336,703.04511297375,1,596.8659077735497
1625750341,176.39494454189364,1,828.973251055884
1625750346,675.3761068636502,1,205.62481400110343
1625750351,646.443133198854,1,978.1685912154645
1625750356,586.4391433606785,1,634.7407176835745
1625750360,177.20220869524837,1,689.68956136602
1625750365,948.9168390277118,1,81.15056044028978
1625750370,386.70864715708444,1,309.28296492299455
1625750375,457.40504631109326,1,187.8670211481638
1625750380,239.84606673441166,1,650.347320207911
1625750386,154.3581282404246,1,521.4777320783583
1625750391,720.5419967260582,1,370.91662254266146
1625750396,746.8860505285493,1,622.5745671731116
1625750401,867.288049172942,1,178.30278660776332
1625750406,273.7002204523775,1,485.1246570109273
1625750411,798.9938743627505,1,632.3881683357204
1625750416,605.4140768394433,1,657.3010049010888
1625750421,975.2546497182669,1,106.75639646590429
1625750426,750.9409780190084,1,700.1318915881225
1625750431,549.3126980754596,1,806.620981372337
1625750436,787.3092887775377,1,230.7660670918964
1625750441,471.8021533063341,1,755.9271522969083
1625750446,719.8732726040075,1,531.563425526195
1625750451,942.8833608437717,1,178.25965962451662
1625750456,395.301049423102,1,870.1196278599261
1625750461,859.3281539565183,1,485.6055463382403
1625750466,52.15799726273029,1,472.3494182556763
1625750471,296.8584774799887,1,137.0451573958037
1625750476,415.28787196974883,1,72.64462137172134
1625750481,557.5464563102242,1,370.6435474219727
1625750486,773.0658291524429,1,261.77341266232224
1625750491,413.95594791258907,1,383.8855657743019
1625750496,964.1187404964097,1,422.602520596287
1625750501,428.1689266048935,1,31.76107042528764
1625750506,26.071316410550715,1,922.0400335547889
1625750511,412.74800552142597,1,821.0066131085567
1625750516,697.6918325410315,1,779.0675054150523
1625750521,545.5141817087382,1,651.1181705692533
1625750527,432.520583977376,1,195.74141654715936
1625750532,429.86915775090085,1,837.759186180285
1625750537,882.3308950388471,1,891.1030642397217
1625750541,601.9897174736294,1,855.4228110657796
1625750546,388.88406461486613,1,965.6741445400244
1625750551,985.921139783166,1,560.108479806189
1625750556,219.31347553646197,1,223.39260093479484
1625750561,463.37042009495843,1,458.91447304420797
1625750566,571.6440503663158,1,243.3406859175835
1625750571,698.4554986263016,1,644.5230691428497
1625750576,630.5893830618259,1,608.443286768259
1625750581,296.02328536878184,1,24.383559978732094
1625750586,678.6564021389081,1,223.60245122320498
1625750591,198.2650090743845,1,365.92870229557064
1625750596,863.1418197938658,1,580.7406652780761
1625750601,376.7045327257218,1,822.4579089738743
1625750607,225.86443931383704,1,720.3344660426388
1625750612,559.3174752142611,1,74.58614767130555
1625750617,950.1074367225449,1,893.7387621170423
1625750622,165.28181425017274,1,47.70683924218233
1625750627,39.53209409437064,1,21.563864978962787
1625750632,288.01674536583954,1,578.1981152101422
1625750637,278.6862116051442,1,772.3284900660377
1625750641,471.71091336468385,1,84.68463348379207
1625750646,936.7031249113264,1,832.4583589344429
1625750651,934.0770970370958,1,643.245464051487
1625750656,258.0353203357745,1,911.4352413287318
1625750661,580.8229054497208,1,207.8545561927252
1625750666,970.3812597404188,1,510.6623878001858
1625750671,683.1491425993453,1,603.498386200503
1625750676,354.7557853638746,1,95.65390537557639
1625750681,11.954109070240415,1,346.4058153088287
1625750686,530.9657426929582,1,240.86232834424337
1625750692,870.4366652335184,1,13.843256398251679
1625750697,569.2448190820398,1,585.3376013052256
1625750702,185.17805165183964,1,448.29550011331776
1625750707,541.7662018892266,1,144.09467883306425
1625750712,214.89546565360018,1,394.0113610432057
1625750717,263.10031694469825,1,91.31427486767151
1625750722,641.8747662861797,1,537.4181908413123
1625750727,963.958896023117,1,572.1938692197219
1625750732,715.2068020337716,1,369.4911676158518
1625750737,615.9285038022938,1,243.41298194540218
1625750741,624.5999938012019,1,773.6260695346208
1625750746,835.1360623979089,1,998.9092634863515
1625750751,571.5697258813137,1,935.8507384883574
